Kip Giraudy,7433 Prairie Rose Hill,5563312898,1934544546,kgiraudy0@ucla.edu
Alfredo Lappine,38020 Arkansas Trail,7569262337,1026348473,alappine1@shinystat.com
Romola Breckwell,701 Rockefeller Way,9637607128,5428183874,rbreckwell2@infoseek.co.jp
Arturo Surmon,6 Hoepker Pass,3337391406,9835504964,asurmon3@apache.org
Babs Robertsen,1 Stoughton Point,4921676805,9135587130,brobertsen4@icio.us
Armstrong Duffit,2065 Stoughton Parkway,7093379760,2881200129,aduffit5@dell.com
Aurea Castangia,636 Goodland Point,1766452468,5992490310,acastangia6@goo.ne.jp
Toma Hedditeh,4348 Pine View Circle,5738249303,6221475102,thedditeh7@admin.ch
Linn Ashleigh,5 Browning Hill,7875115045,9365961734,lashleigh8@merriam-webster.com
Henrieta Keenlayside,832 Rieder Crossing,5332656557,3228147175,hkeenlayside9@nature.com
Maighdiln Clash,0 Milwaukee Place,6545628266,8384355418,mclasha@yellowbook.com
Inger Bullick,39348 Eastlawn Alley,9417384264,7221059617,ibullickb@archive.org
Coop Hasser,2643 Sachtjen Trail,8428418883,2218320945,chasserc@microsoft.com
Udale Manie,581 Scofield Pass,3883978270,5512796957,umanied@go.com
Alissa Burnep,1 Manley Road,5234783696,2776456568,aburnepe@samsung.com
Ludvig Whylie,6 Northwestern Alley,4898714404,1448843777,lwhylief@xrea.com
Esteban Butt,3 Manufacturers Lane,1498137149,7323655006,ebuttg@zimbio.com
Cliff Schrir,65884 Canary Point,1853080490,1757497326,cschrirh@archive.org
Saree Dur,09136 Fieldstone Road,8493260048,8757610027,sduri@wikispaces.com
Krista Charters,4311 Rutledge Alley,3916047123,7348433780,kchartersj@wsj.com
Aurie Guiu,0 Kinsman Lane,4962427017,3818795559,aguiuk@patch.com
Halli Grassett,98661 Sachs Alley,7138649624,1225678968,hgrassettl@cnet.com
Maurise Popworth,04 Clyde Gallagher Alley,4478660894,2242477412,mpopworthm@themeforest.net
Otis Twigge,078 Coolidge Court,6984602014,7085424294,otwiggen@blogtalkradio.com
Mariya Orrey,49759 Sundown Terrace,5204066348,6206858399,morreyo@networksolutions.com
Chas Ridgedell,4715 Ilene Avenue,5437656017,2332579437,cridgedellp@php.net
Abram Blastock,46855 Arizona Avenue,4272214940,4227722878,ablastockq@ning.com
Shirleen Corhard,845 Canary Place,1994488590,3102785478,scorhardr@army.mil
Wrennie Shalders,5 Northwestern Junction,6109923527,5439879109,wshalderss@youtube.com
Sibylla Finan,78 Pearson Trail,6991451783,5482104522,sfinant@github.io
